last_name, first_name,player_id,year,pitch_hand,n,n_ff_formatted,ff_avg_speed,ff_avg_spin,n_fastball_formatted,fastball_avg_speed,fastball_avg_spin,n_breaking_formatted,breaking_avg_speed,breaking_avg_spin,n_offspeed_formatted,offspeed_avg_speed,offspeed_avg_spin,
Greinke, Zack,425844,2018,R,3129,44.2,89.5,2335,50.1,89.6,2329,28.9,78.7,2514,21,86.5,1738,
Hamels, Cole,430935,2018,L,2962,29.8,92.3,2083,62.9,90.7,2071,18.2,80.5,2176,18.9,83.3,1652,
Verlander, Justin,434378,2018,R,3420,61.2,95,2618,61.8,95,2618,36.8,83.8,2767,1.5,87.4,1899,
Kluber, Corey,446372,2018,R,3076,8.9,92,2410,71,90.5,2425,22.5,83.8,2607,6.6,85.2,1751,
Shields, James,448306,2018,R,3186,26.5,89.5,2271,62,88.2,2281,19.7,78.2,2478,18.2,83.4,1665,
Morton, Charlie,450203,2018,R,2686,31.1,96.1,2243,64.4,94.9,2213,29.3,79.7,2923,6.3,87.3,2122,
Lester, Jon,452657,2018,L,3108,45.5,91,2230,75,90,2269,15.7,74.8,2571,9.2,84.9,1805,
LeBlanc, Wade,453281,2018,L,2443,7.6,86.2,1944,61.1,85,1940,9.1,72.6,2205,29.8,77.7,1522,
Scherzer, Max,453286,2018,R,3479,50.2,94.4,2487,59.8,93.4,2477,24.5,83,2427,15.7,83.9,1457,
Arrieta, Jake,453562,2018,R,2759,1.7,92.4,2310,55.5,93,2243,33.9,86.8,2559,10.6,88,1650,
Price, David,456034,2018,L,2714,13.3,92.7,2241,74.9,91.2,2179,2.9,79.1,2207,22.2,85.3,1719,
Happ, J.A.,457918,2018,L,3049,59.3,92.3,2334,73.3,91.9,2297,14.4,84.2,2180,12.3,86,1619,
Gonzalez, Gio,461829,2018,L,2905,29.4,90.1,2229,56.8,89.8,2177,20.3,75.7,2713,23,82.8,1629,
Chacin, Jhoulys,468504,2018,R,3006,13.1,89.9,2136,47.7,90.1,2056,45.3,79.3,2367,7,85.1,1533,
Carrasco, Carlos,471911,2018,R,2870,31.3,93.7,2353,44.6,93.5,2309,39.1,83.4,2680,16.3,88,1507,
Quintana, Jose,500779,2018,L,2892,49.7,91.5,2019,68.3,91.5,2008,24.9,76.1,2176,6.8,86.3,1275,
Gibson, Kyle,502043,2018,R,3234,23.3,93.1,2219,57.7,93,2140,31.3,83.9,2472,11,85.6,1696,
Leake, Mike,502190,2018,R,2796,2.7,89.1,2121,59.4,88.2,2083,21.9,79.4,2504,18.7,83.7,1769,
Holland, Derek,502706,2018,L,2902,,,,56.9,91.5,2353,34.3,80,2141,8.8,82.9,2125,
Porcello, Rick,519144,2018,R,3095,20.1,91.3,2433,49.8,90.4,2385,38.4,81.9,2653,11.7,81.4,1760,
Teheran, Julio,527054,2018,R,2797,42.3,89.9,2326,61.9,89.7,2272,28.5,78.4,2607,9.5,82.6,1615,
Anderson, Tyler,542881,2018,L,2848,39.6,91.9,2250,73.3,90.2,2330,3.8,73.7,2336,22.9,81.2,1901,
Cole, Gerrit,543037,2018,R,3256,50.3,96.5,2379,56.4,96.5,2372,39.2,85.7,2706,4.5,87.7,1667,
Hendricks, Kyle,543294,2018,R,3046,17.4,87.3,2074,61.8,86.8,1983,7.6,71.8,2795,30.6,78.6,2090,
Odorizzi, Jake,543606,2018,R,2979,54.1,91.1,2255,56.5,90.9,2253,25.9,81.3,2219,17.7,84.2,1605,
Roark, Tanner,543699,2018,R,2954,19.9,91.5,2103,61.4,91.3,2069,26.7,79.6,2527,11.9,83.4,1731,
Bauer, Trevor,545333,2018,R,2850,36.8,94.5,2322,52.5,93,2373,40.5,80.1,2623,7,87,1852,
Wheeler, Zack,554430,2018,R,2882,42.3,95.8,2312,57.5,95.9,2291,29.8,86.7,2415,12.8,89.1,1631,
Urena, Jose,570632,2018,R,2770,2.1,95.6,2148,57.7,95.8,2125,23.4,86.2,2244,19,89.9,1813,
Boyd, Matthew,571510,2018,L,2854,34.2,90.5,2282,48.8,90.4,2281,43.2,78.1,2308,8,78.6,1760,
Corbin, Patrick,571578,2018,L,3138,20,90.8,2267,48.6,90.8,2236,50.3,80,2333,1.1,81,1710,
Fiers, Mike,571666,2018,R,2667,38.3,89.4,2308,48.5,89.4,2294,33.3,79.1,2571,18.3,83.3,1894,
Heaney, Andrew,571760,2018,L,2754,,,,58.2,91.9,2467,25.2,78.6,2383,16.6,83.3,1931,
Mikolas, Miles,571945,2018,R,3004,26.7,94.1,2309,48.3,93.9,2268,47.2,83.7,2476,4.4,88.4,1680,
Keuchel, Dallas,572971,2018,L,3309,12.2,89.7,2166,68.8,88.6,2090,18.4,78.7,2190,12.8,79.6,1544,
Foltynewicz, Mike,592314,2018,R,3039,40.1,96.3,2349,56.5,96.4,2320,37.4,84.9,2513,6.2,87.8,1909,
Gausman, Kevin,592332,2018,R,3003,58.5,93.6,2168,58.5,93.6,2168,14.4,81.4,2210,27.2,82.6,1478,
Gray, Jon,592351,2018,R,2793,49.6,94.7,2015,49.7,94.7,2014,48.7,85.3,2265,1.6,86.3,1557,
Taillon, Jameson,592791,2018,R,2947,35.5,95.2,2350,57.3,95.2,2302,38.1,85.9,2527,4.5,87.9,1709,
Williams, Trevor,592866,2018,R,2723,51.5,91.1,2171,69.4,90.4,2094,15.3,81.4,2199,15.3,83.2,1681,
deGrom, Jacob,594798,2018,R,3101,42.8,96,2362,51.7,95.9,2343,32.2,88.9,2512,16.1,88.9,1701,
Gonzales, Marco,594835,2018,L,2562,7.6,90.1,2251,54.6,88.9,2296,22.3,78.1,2450,23.1,83.6,2206,
Junis, Jakob,596001,2018,R,2838,33,91.3,2024,53.3,91,2007,40.8,81.7,2456,5.9,84.7,1488,
Pivetta, Nick,601713,2018,R,2760,50.1,94.8,2268,58.9,94.8,2257,38.8,82.1,2692,2.2,87.1,1856,
Bundy, Dylan,605164,2018,R,2836,47.8,91.6,2417,55.8,91.6,2396,34,79.6,2414,10.2,83.7,1740,
Clevinger, Mike,605182,2018,R,3262,52.9,93.6,2298,52.9,93.6,2298,33,78,2317,14.1,87.6,1500,
Nola, Aaron,605400,2018,R,3212,36.5,92.7,2116,49.3,92.4,2101,30.9,78,2545,19.8,84.8,1478,
Snell, Blake,605483,2018,L,2913,51.5,95.8,2364,51.5,95.8,2364,29.3,83.4,2481,19.2,87.5,1777,
Freeland, Kyle,607536,2018,L,3246,39.9,91.8,2266,52.4,91.5,2253,33.9,85,2197,13.7,85.5,1393,
Giolito, Lucas,608337,2018,R,3005,39,92.4,2099,59.5,92.4,2066,24.9,81.7,2155,15.7,81.7,1651,
Marquez, German,608566,2018,R,3117,46,95.4,2207,55,95.2,2198,38.6,83.5,2550,6.4,85.7,1730,
Berrios, Jose,621244,2018,R,2980,34.4,93.4,2213,60.4,93.2,2183,30.5,81.7,2360,9.1,83.7,1633,
Castillo, Luis,622491,2018,R,2771,36.7,95.8,2200,57.2,95.7,2165,16.4,83.6,2206,26.4,86.2,1931,
Severino, Luis,622663,2018,R,3148,50.5,97.6,2365,50.5,97.6,2365,36,88.1,2872,13.6,88.1,1648,
Lopez, Reynaldo,625643,2018,R,3082,60.7,95.5,2102,60.8,95.5,2102,23.7,81.9,2105,15.5,83.6,1541,
Godley, Zack,643327,2018,R,3006,0.1,89.2,2360,54.4,89.5,2219,40.3,81.4,2178,5.3,81.1,1287,
Newcomb, Sean,656794,2018,L,2918,62.3,93,2179,62.3,93,2179,18.6,77.6,2683,19.2,86.3,1619,
Dickey, R.A.,285079,2017,R,2817,17.3,83.6,1878,17.3,83.6,1878,82.7,77.3,1530,,,,
Lackey, John,407793,2017,R,2754,39.4,91,2172,87.9,87.5,2163,7.4,77.5,2283,4.6,83.5,1647,
Greinke, Zack,425844,2017,R,3134,39.2,90.8,2392,48.2,90.8,2382,35.6,80.4,2594,16.1,87.1,1821,
Santana, Ervin,429722,2017,R,3231,33,93.2,2232,52.9,92.8,2196,36.9,84.5,2372,10.2,85.8,1516,
Verlander, Justin,434378,2017,R,3531,57.7,95.3,2541,58.4,95.3,2540,37.5,84.9,2646,4.1,87.6,1813,
Hammel, Jason,434628,2017,R,3008,20.7,92.2,2198,50.1,92.1,2178,46.4,83.4,2435,3.6,85.1,1764,
Nolasco, Ricky,445060,2017,R,3087,19.3,91,2124,48.4,90.9,2055,36.6,79.1,2382,15,80.9,1379,
Kluber, Corey,446372,2017,R,2934,14.4,92.7,2372,65.8,91.3,2380,28.1,84.4,2589,6.1,85.8,1707,
Vargas, Jason,450306,2017,L,2919,2.6,85.7,2229,47.2,85.6,2197,20.3,72.1,2491,32.4,79.5,2278,
Lester, Jon,452657,2017,L,3123,38.1,91.4,2206,78.4,89.9,2223,13.1,75.6,2512,8.5,84.6,1743,
Scherzer, Max,453286,2017,R,3099,45.8,94,2503,56.3,93.2,2495,29.4,83.1,2433,14.3,84.6,1519,
Richard, Clayton,453385,2017,L,3012,33,90.8,2117,68.7,90.5,2090,20.3,81.5,2211,11,83.7,1848,
Arrieta, Jake,453562,2017,R,2726,2.1,92.2,2312,63.4,92.2,2260,28.3,83.3,2578,8.3,87.3,1800,
Lynn, Lance,458681,2017,R,3144,36.7,92.4,2375,89.9,91.3,2316,4.8,78.9,2184,5.3,86,1987,
Gonzalez, Gio,461829,2017,L,3357,36.1,90,2247,56.6,89.7,2208,24.7,74.8,2708,18.7,83,1676,
Estrada, Marco,462136,2017,R,3242,53.5,89.8,2386,60.4,89.5,2401,7.7,77.5,2662,31.9,77.5,2125,
Nova, Ivan,467100,2017,R,2574,25.2,93.1,2252,68,92.8,2193,22.1,80.6,2352,9.8,86.4,1965,
Chacin, Jhoulys,468504,2017,R,2905,16.3,91.4,2207,54.7,91.2,2146,39.3,79.6,2482,6,83.3,1503,
Carrasco, Carlos,471911,2017,R,3038,40.2,94.3,2260,49.3,94.2,2228,34.6,84.3,2588,16.1,88.4,1485,
Hellickson, Jeremy,476451,2017,R,2605,22.3,90.1,2096,57.1,89.4,2143,12.6,76.7,2924,30.3,81.3,1830,
Kershaw, Clayton,477132,2017,L,2447,46.5,92.8,2340,47.7,92.9,2340,51.3,83.6,2435,1,85.9,2171,
Cashner, Andrew,488768,2017,R,2631,12.8,93.8,2193,66.9,93.2,2104,19.6,85.4,2120,13.5,84.9,1495,
Quintana, Jose,500779,2017,L,3168,37.5,92.2,2042,62.8,92.1,2029,28.1,77.1,2187,9,86.1,1329,
Archer, Chris,502042,2017,R,3394,47.4,95.5,2249,47.4,95.5,2249,44.5,88.9,2546,8,85.9,1766,
Cobb, Alex,502171,2017,R,2845,1.2,91.1,2045,51.7,91.7,2101,34.1,80.5,2536,14.3,85.6,1599,
Samardzija, Jeff,502188,2017,R,3262,18.7,94.3,2479,58.3,93.9,2474,33.4,84.7,2392,8.3,86.7,1690,
Leake, Mike,502190,2017,R,2721,3.2,90.6,2166,67.5,89.8,2075,20.6,80.2,2510,11.9,84.5,1770,
Darvish, Yu,506433,2017,R,3034,35.5,94.3,2505,66.6,93,2489,30.8,80.8,2633,2.6,87.7,1823,
Moore, Matt,519043,2017,L,2871,51.7,91.9,2257,66.4,91.3,2238,17.7,81.1,2394,15.9,83.1,1727,
Nelson, Jimmy,519076,2017,R,2750,29.3,94.1,2300,61.3,93.9,2213,36.1,86.2,2548,2.7,87.6,1561,
Pomeranz, Drew,519141,2017,L,3043,53,91.4,2359,61.6,90.9,2353,37,79.4,2204,1.4,81.1,1697,
Porcello, Rick,519144,2017,R,3368,33.3,92.1,2441,59.2,91.1,2389,32.5,80.4,2671,8.3,80.3,1621,
Sale, Chris,519242,2017,L,3423,36.9,94.8,2336,48.3,94.5,2305,32.9,79.8,2395,18.8,86.8,2016,
Perez, Martin,527048,2017,L,3088,23.3,93.2,2085,58.7,93.1,2048,20.9,81.6,2455,20.4,84.6,1780,
Teheran, Julio,527054,2017,R,3063,39.9,91.4,2274,64.8,91.3,2229,28.7,79.7,2503,6.5,81.9,1595,
Cole, Gerrit,543037,2017,R,3276,47.1,95.9,2164,60.2,95.8,2149,29.5,84.9,2528,10.3,88.5,1631,
Gray, Sonny,543243,2017,R,2661,28.8,93.5,2484,60.7,92.7,2279,30,83.3,2866,9.4,89.5,1827,
Roark, Tanner,543699,2017,R,3210,20.1,92.5,2088,56.4,92.3,2058,31.5,81.1,2511,12.2,83.7,1757,
Strasburg, Stephen,544931,2017,R,2667,45.6,95.4,2171,54.8,95.3,2164,27.7,83.8,2707,17.5,88.6,1745,
Bauer, Trevor,545333,2017,R,3145,35.8,94.1,2277,61.1,92.5,2325,31.2,78.8,2546,7.7,86.8,1646,
Tanaka, Masahiro,547888,2017,R,2718,14.2,92.3,2227,37.6,91.5,2153,37.4,83.4,2377,25,87.6,1496,
Urena, Jose,570632,2017,R,2876,31.3,95.8,2175,54.7,95.6,2164,23.8,85,2305,21.5,88.6,1807,
Corbin, Patrick,571578,2017,L,3073,27.3,92.3,2293,53.3,92.2,2269,37.6,80.9,2359,9.1,83.5,1797,
Straily, Dan,573185,2017,R,3049,45,90.5,2227,50.5,90.4,2230,32.1,82.8,2408,17.4,83.4,1408,
Stroman, Marcus,573186,2017,R,3132,11.3,93.7,2302,66.1,93.2,2274,27.9,85.8,2735,6,82.7,1680,
Gausman, Kevin,592332,2017,R,3344,64.2,94.9,2249,64.2,94.9,2249,13.9,82.6,2291,21.9,85,1602,
Ray, Robbie,592662,2017,L,2708,56.5,94.2,2276,59.2,94.1,2276,40.8,83.2,2067,,,,
Martinez, Carlos,593372,2017,R,3118,28.1,96.3,2091,55.5,95.6,2049,27.5,85,2183,16.9,87.8,1988,
deGrom, Jacob,594798,2017,R,3160,39.6,95.2,2362,55.3,95.1,2343,32.2,86.9,2480,12.4,87.7,1793,
Bundy, Dylan,605164,2017,R,2815,44,92.2,2485,53.7,92.1,2469,32.8,80.3,2403,13.5,83.6,1754,
Davies, Zach,605200,2017,R,3073,,,,70.6,89.1,2135,15.5,73.4,2603,14,79.4,1795,
Fulmer, Michael,605242,2017,R,2469,26.7,95.7,2104,59.7,95.8,2065,21.5,88.9,2377,18.8,87.8,1748,
Nola, Aaron,605400,2017,R,2663,32.5,92.3,2098,53.7,91.9,2074,30.8,77.4,2544,15.5,83.8,1435,
Perdomo, Luis,606131,2017,R,2550,11.3,94.3,1969,62.8,94,1955,32,84.4,2338,5.1,87.2,1488,
Wacha, Michael,608379,2017,R,2681,49.6,95.1,2159,70,94.1,2155,11.5,76.5,2234,18.5,87.8,1702,
Marquez, German,608566,2017,R,2654,51.9,95,2174,65.8,94.9,2171,29.2,81.5,2589,5,85.6,1682,
Blach, Ty,621389,2017,L,2512,1.3,90.6,2158,60.1,90.1,2104,16.2,77.4,2231,23.7,80.2,1990,
Severino, Luis,622663,2017,R,3081,51.3,97.5,2301,51.3,97.5,2301,35.1,88.3,2689,13.6,87.2,1671,
Colon, Bartolo,112526,2016,R,2797,25.9,90.4,2264,89.4,88.4,2148,6.4,82.4,2282,4.2,81.5,1683,
Sabathia, CC,282332,2016,L,2895,35.6,89,2192,71.4,89.3,2104,22.9,80.4,2085,5.8,82.5,1957,
Dickey, R.A.,285079,2016,R,2653,13,82.9,1889,13,82.9,1889,87,76.6,1592,,,,
Lackey, John,407793,2016,R,2740,37.2,92.4,2270,81,90,2244,13.5,78.9,2329,5.5,84.9,1871,
Wainwright, Adam,425794,2016,R,3148,13,90.8,2192,70.5,88.8,2241,26.9,74.4,2657,2.6,83.3,1583,
Santana, Ervin,429722,2016,R,2882,51.1,93.4,2250,52.8,93.3,2243,39.5,84.1,2081,7.7,85.6,1456,
Hamels, Cole,430935,2016,L,3203,26.6,92.6,2083,67.2,92,2071,14.6,79.8,2141,18.3,84.8,1623,
Verlander, Justin,434378,2016,R,3655,57.8,94.1,2558,57.8,94.1,2558,33.7,84.1,2612,8.5,85.9,2057,
Liriano, Francisco,434538,2016,L,2775,2.5,93.1,2094,51.2,93.3,2040,29.2,85.9,2231,19.5,85.9,1784,
Hammel, Jason,434628,2016,R,2611,29.1,92.6,2212,50.7,92.7,2198,46.6,83.8,2319,2.7,85.4,1692,
Nolasco, Ricky,445060,2016,R,3116,24,91,2099,48.6,90.9,2041,43.9,79.7,2302,7.4,80,1386,
Kluber, Corey,446372,2016,R,3156,17.2,92.9,2443,52.8,93.1,2308,42.7,87,2622,4.5,85.8,1673,
Shields, James,448306,2016,R,3108,24.9,91.1,2289,62.3,89.7,2276,16.5,77.6,2531,21.3,84.3,1765,
Garcia, Jaime,448802,2016,L,2547,29.6,91.1,2416,63.4,91.1,2343,18.5,80.4,2806,18.1,82.8,2019,
Volquez, Edinson,450172,2016,R,3220,12.4,94,2312,53.1,93.8,2308,24.7,80.5,2817,22.2,84,1200,
Weaver, Jered,450308,2016,R,2762,28,83.8,2267,44.2,83.5,2213,38.7,72.7,2457,17.1,74.9,1850,
Fister, Doug,450729,2016,R,2971,22.2,87.5,1989,78.9,86.8,1998,14.7,70.9,2060,6.4,79.5,1640,
Lester, Jon,452657,2016,L,3089,50.9,92.7,2301,82.5,91.7,2283,12.6,75.1,2532,4.9,85.4,1744,
Kennedy, Ian,453178,2016,R,3352,57.8,92.7,2384,66.3,92.8,2388,22,81.1,2308,11.8,84.5,1887,
Scherzer, Max,453286,2016,R,3428,54.7,95,2550,57.3,94.8,2549,30.7,84.6,2379,12,85.9,1514,
Arrieta, Jake,453562,2016,R,3101,20.5,94.2,2317,65,94.4,2307,30.2,86.3,2581,4.8,89.3,2070,
Price, David,456034,2016,L,3571,13.3,93.6,2176,68.7,92.1,2120,8.7,79.5,2203,22.6,85.1,1806,
Cueto, Johnny,456501,2016,R,3251,24.5,92.6,2316,61.9,91.2,2280,18.3,83.9,2280,19.8,83.3,1573,
Happ, J.A.,457918,2016,L,3009,58.5,92.4,2379,73.5,92.2,2348,20.2,83.2,2212,6.3,84.4,1934,
Tomlin, Josh,458708,2016,R,2556,29.7,88.4,2425,77,87.2,2508,15,75.6,2753,8,83.8,1735,
Gonzalez, Gio,461829,2016,L,3013,37.5,91.6,2252,63.6,91.4,2226,20.1,77.7,2842,16.3,84.3,1708,
Estrada, Marco,462136,2016,R,2760,41.4,88.5,2403,61.6,88.2,2413,9.9,76.6,2687,28.5,77.5,2142,
Nova, Ivan,467100,2016,R,2295,12.4,93.4,2267,64.5,93.2,2171,30.9,81.2,2282,4.6,86.9,2006,
Hellickson, Jeremy,476451,2016,R,2911,30.4,90.7,2105,49,90.6,2091,24.8,80.7,2736,26.2,81.1,1791,
Miley, Wade,489119,2016,L,2703,39.4,90.9,2177,49.8,90.9,2160,32.3,82.1,2329,17.8,83.1,1933,
Quintana, Jose,500779,2016,L,3266,44.1,92.6,2065,67.2,92.6,2042,25,78.2,2134,7.8,86.6,1322,
Pineda, Michael,501381,2016,R,3006,47.5,94.7,2086,51.5,94.7,2083,40.1,86.1,2004,8.3,89.1,1896,
Tillman, Chris,501957,2016,R,2926,52.9,92.3,2301,56.6,92.3,2303,28,81.6,2183,15.4,84.3,1651,
Archer, Chris,502042,2016,R,3391,48.5,95,2190,48.5,95,2190,40.6,88.8,2315,10.9,87.4,1810,
Samardzija, Jeff,502188,2016,R,3145,32.8,94.7,2450,67.2,94.4,2451,25,84.9,2387,7.8,86.3,1595,
Leake, Mike,502190,2016,R,2588,6.7,90.1,2253,76.3,90.8,2121,15.1,80.5,2525,8.6,85.6,1837,
Santiago, Hector,502327,2016,L,3120,,,,69.6,91.5,2242,9.1,77.2,2140,21.4,83.4,2004,
Bettis, Chad,518452,2016,R,3035,48.1,92.3,1963,58.6,92.1,1945,29.7,82.2,2142,11.7,86.6,1521,
Bumgarner, Madison,518516,2016,L,3458,39.9,91.2,2303,51,91.3,2303,45.3,83.2,2328,3.7,84.3,1720,
Duffy, Danny,518633,2016,L,2682,38.3,95.5,2234,59.5,95.4,2216,23.1,84.1,2312,17.3,85.8,2512,
Moore, Matt,519043,2016,L,3139,52.9,93.5,2285,64.9,93.3,2279,22.5,81.9,2514,12.6,84.9,1564,
Nelson, Jimmy,519076,2016,R,2964,21.9,93.6,2324,71,93.7,2220,28.2,85.9,2363,0.8,86.4,2004,
Pomeranz, Drew,519141,2016,L,2820,39,91.8,2467,51.2,90.5,2449,39.3,79.7,2160,9.6,87,2299,
Porcello, Rick,519144,2016,R,3378,22.2,92.2,2447,60.1,90.9,2395,26.5,79.7,2654,13.4,81.4,1688,
Sale, Chris,519242,2016,L,3314,,,,55.2,93.7,2235,25.3,79.1,2251,19.5,86.8,2137,
Perez, Martin,527048,2016,L,3049,24.8,93.6,2109,62.1,93.3,2063,20.8,83,2303,17.1,84.9,1707,
Teheran, Julio,527054,2016,R,2916,47,91.7,2288,55.7,91.5,2254,35.4,79.1,2373,8.9,82.9,1518,
Hendricks, Kyle,543294,2016,R,2825,3.7,90.2,2177,65.6,88.3,2018,7.7,76,2880,26.7,80.7,2113,
Koehler, Tom,543408,2016,R,2977,39.8,92.4,2102,46.3,92.5,2093,47.1,82.8,2329,6.6,85.2,1614,
McHugh, Collin,543521,2016,R,3086,28.7,90.7,2202,64.7,89.2,2341,30,72.9,2619,5.2,84.1,1650,
Odorizzi, Jake,543606,2016,R,3290,31.1,91.9,2268,66.6,91.7,2256,13.6,79.8,2203,19.8,85.3,1514,
Roark, Tanner,543699,2016,R,3333,4.6,92.7,2118,62.4,92.7,2076,27.8,82.2,2555,9.8,84.4,1846,
Bauer, Trevor,545333,2016,R,3007,23.7,94,2245,67.9,92.8,2288,19.8,77.6,2513,12.3,87,1739,
Iwakuma, Hisashi,547874,2016,R,2931,18.7,88.9,2241,53.2,88.1,2129,27.5,78.4,2230,19.2,83.7,1541,
Tanaka, Masahiro,547888,2016,R,2866,6.6,92.6,2243,37.1,90.9,2096,32.9,83.1,2237,29.9,87.2,1594,
Ventura, Yordano,570649,2016,R,3041,23.2,96.9,2190,56.2,96.8,2122,25.3,83.6,2626,18.4,86.7,1500,
Fiers, Mike,571666,2016,R,2756,43.3,90,2188,54.1,89.4,2215,26.4,76.5,2581,19.5,83.1,1765,
Keuchel, Dallas,572971,2016,L,2654,9.5,88.8,2157,64.5,88.5,2099,26.2,78.5,2201,9.3,80,1598,
Straily, Dan,573185,2016,R,3021,47.1,89.8,2212,51.3,89.8,2205,30.8,82,2322,17.9,82.9,1314,
Stroman, Marcus,573186,2016,R,3061,13.8,93.3,2341,75.5,92.3,2306,19.3,83.9,2654,5.1,85.1,1444,
Gausman, Kevin,592332,2016,R,3072,61.5,95.4,2306,65.9,95.3,2303,13.4,80.3,2266,20.7,85.1,1585,
Gray, Jon,592351,2016,R,2780,55.3,95.8,2183,55.3,95.8,2183,37.3,85.9,2440,7.4,85.9,1683,
Ray, Robbie,592662,2016,L,3062,46.5,94.9,2277,71.4,94.7,2274,22.6,84.8,2152,6,87.2,1918,
Sanchez, Aaron,592717,2016,R,2905,19,95.2,2278,75,95.4,2270,16.2,78.6,2844,8.8,88.8,2051,
Smyly, Drew,592767,2016,L,2874,56.1,90.8,2185,71.4,89.7,2170,22.9,76.2,1762,5.7,80.3,1477,
Syndergaard, Noah,592789,2016,R,2910,35.1,98.7,2202,59.2,98.6,2183,29.7,89,2112,11.2,90.3,1765,
Martinez, Carlos,593372,2016,R,3015,27.2,97.2,2129,57.1,96.4,2085,23.4,85.4,2146,19.4,87.6,2009,
Eickhoff, Jerad,595191,2016,R,2999,36.2,91.6,2237,52.8,91.6,2209,42.1,78.5,2433,5.1,84.6,1806,
Davies, Zach,605200,2016,R,2523,,,,68.6,89.1,2106,10.7,72.8,2544,20.7,79,1743,
Fernandez, Jose,605228,2016,R,2894,50.4,95.9,2441,53.9,95.8,2431,33.6,84.4,2379,12.5,88.8,1552,
Finnegan, Brandon,605232,2016,L,2873,12.7,92.3,2230,65.2,92.3,2187,23.4,84,2142,11.5,85.5,1646,
Rodon, Carlos,607074,2016,L,2702,33,94.2,2243,63.8,94,2178,25.6,87.2,2315,10.6,84.1,1610,
Graveman, Kendall,608665,2016,R,2779,5.9,91.7,2427,86.2,92.1,2301,6.4,80.2,2320,7.3,85.6,1700,
Maeda, Kenta,628317,2016,R,2898,29.4,90.7,2348,42.9,90.6,2302,47.4,78.6,2454,9.6,83.1,1740,
Wainwright, Adam,425794,2020,R,930,9.2,89.2,2218,59.2,87.6,2253,38.3,73.5,2791,2.5,81.8,1683,
Greinke, Zack,425844,2020,R,996,43.4,88.1,2329,43.5,88.1,2329,33.2,77.7,2425,23.3,86.2,1679,
Lester, Jon,452657,2020,L,1008,27.8,89.4,2217,73.7,88.4,2249,12.8,73.4,2569,13.5,83.4,1905,
Scherzer, Max,453286,2020,R,1213,46,94.7,2472,55.6,94,2489,28.4,82.8,2511,16.1,84.9,1446,
Cueto, Johnny,456501,2020,R,1137,33.2,91.4,2224,43.7,91.3,2202,29.2,82.1,2301,27.1,82.5,1333,
Lynn, Lance,458681,2020,R,1399,50.2,94,2492,90.5,92.5,2486,8.4,83.9,2618,1.1,84.6,1781,
Carrasco, Carlos,471911,2020,R,1101,34,93.8,2470,38.5,93.6,2457,33.5,85.5,2828,28,87.7,1374,
Gibson, Kyle,502043,2020,R,1139,13.9,92.4,2266,49.9,92.2,2173,32.3,81.9,2462,17.8,84.4,1652,
Darvish, Yu,506433,2020,R,1150,14.6,95.9,2595,63.8,90.1,2698,26.8,80.1,2768,9.4,90.2,1645,
Perez, Martin,527048,2020,L,1033,15.1,92.2,2049,64.9,90.4,2087,9.4,77.7,2521,25.8,83.7,1704,
Cole, Gerrit,543037,2020,R,1203,52.8,96.7,2505,52.8,96.7,2505,41.6,86.5,2672,5.6,88.3,1750,
Hendricks, Kyle,543294,2020,R,1162,20.1,87.4,1972,54.5,87.3,1903,16.6,72.1,2810,28.9,79.7,2064,
Bauer, Trevor,545333,2020,R,1165,47.4,93.5,2779,67.5,91,2817,32.2,80.2,2939,0.3,85,1731,
Ryu, Hyun Jin,547943,2020,L,1132,24.1,89.8,1996,58.9,87.9,2001,13.3,72.4,2539,27.8,79.6,1478,
Wheeler, Zack,554430,2020,R,1078,42.1,96.9,2336,65.8,96.8,2289,26,86,2485,8.3,90.1,1641,
Boyd, Matthew,571510,2020,L,1086,50.3,91.7,2305,52.7,91.7,2303,30.1,78,2369,17.2,79.1,1900,
Corbin, Patrick,571578,2020,L,1068,17.2,90.2,2158,52.1,90.1,2116,42.3,78.5,2222,5.6,77.7,1550,
Heaney, Andrew,571760,2020,L,1085,57.8,91.5,2436,57.8,91.5,2436,24.8,79.2,2550,17.4,83,2005,
Keuchel, Dallas,572971,2020,L,960,2.3,88.3,2218,65.5,86.1,2149,6.6,75.8,2280,27.9,78.6,1705,
deGrom, Jacob,594798,2020,R,1135,44.9,98.6,2477,44.9,98.6,2477,38.1,91.9,2570,16.9,91.4,1638,
Gonzales, Marco,594835,2020,L,1057,,,,69.6,87,2156,16.1,75.3,2294,14.3,80.6,2114,
Bassitt, Chris,605135,2020,R,946,16.6,93.3,2160,77.4,91.4,2146,12.4,71.3,2204,10.3,83.6,1971,
Bundy, Dylan,605164,2020,R,1018,33.6,90,2422,41.9,90.1,2407,36.7,77.9,2478,21.3,82.2,1665,
Davies, Zach,605200,2020,R,1055,,,,55.8,88.1,2089,2.8,74.5,2509,41.3,79.4,1728,
Nola, Aaron,605400,2020,R,1148,25.3,92.8,2184,46,92.3,2145,26.7,78.6,2499,27.4,84.9,1518,
Woodruff, Brandon,605540,2020,R,1211,34.5,96.6,2457,65.2,96.4,2413,17.3,86.4,2555,17.5,86.7,1817,
Freeland, Kyle,607536,2020,L,1124,21.3,92.1,2438,33.5,91.9,2426,42.5,83.6,2460,24,86,1375,
Giolito, Lucas,608337,2020,R,1214,50.6,94,2349,50.6,94,2349,15.7,84.4,2120,33.7,80.9,1414,
Marquez, German,608566,2020,R,1226,38.5,95.9,2157,52.4,95.6,2152,42.3,86.5,2592,5.3,86.8,1816,
Mills, Alec,621219,2020,R,945,25.7,89.8,2185,58.9,89.9,2197,25.1,71,2460,16,80.8,1707,
Berrios, Jose,621244,2020,R,1099,26,94.5,2192,51.6,94.2,2158,29.6,83.4,2354,18.8,84.7,1538,
Castillo, Luis,622491,2020,R,1153,27.1,97.4,2188,52.3,97.4,2153,17.7,86.8,2489,30,88.2,1949,
Senzatela, Antonio,622608,2020,R,1136,55.9,94.3,2144,55.9,94.3,2144,33.7,84.5,2213,10.4,86.4,2133,
Maeda, Kenta,628317,2020,R,986,18.7,91.6,2270,28.5,91,2271,42.2,82.6,2512,29.3,84.5,1503,
Civale, Aaron,650644,2020,R,1200,2.5,91.3,2343,60.2,89.7,2382,30.7,77.7,2799,9.2,85.3,2028,
Lamet, Dinelson,659275,2020,R,1046,37.3,97,2495,46.6,97,2484,53.4,86.5,2616,,,,
Singer, Brady,663903,2020,R,1071,0.7,93,2199,57.9,93.3,2241,37.4,83.1,2389,4.7,87.8,2164,
Valdez, Framber,664285,2020,L,1049,2,93.2,2306,56.8,93.1,2257,33.5,80.5,2982,9.7,88.8,1720,
Gallen, Zac,668678,2020,R,1117,39,93.2,2380,64.9,90.8,2367,16.1,81.2,2432,19,84.9,1530,
Bieber, Shane,669456,2020,R,1238,37.4,94.1,2354,53.6,92.7,2407,37.9,83.9,2413,8.5,88.7,1665,
Wainwright, Adam,425794,2021,R,648,11,89.4,2208,60.8,87.8,2286,32.6,73.4,2805,6.6,83.3,1711,
Greinke, Zack,425844,2021,R,712,37.9,88.5,2267,46.8,88.7,2251,30.8,74.9,2418,22.5,86.6,1651,
Hill, Rich,448179,2021,L,599,42.1,88.8,2375,53.9,87.9,2381,46.1,72.7,2804,,,,
Morton, Charlie,450203,2021,R,671,29.2,95.1,2348,65.9,93.4,2271,32.3,79.4,3045,1.8,86.2,2085,
Scherzer, Max,453286,2021,R,697,47.5,93.8,2491,58.1,93.1,2497,27,83.2,2447,14.9,84.8,1489,
Kershaw, Clayton,477132,2021,L,643,37.2,90.9,2564,37.2,90.9,2564,62.8,84.1,2661,,,,
Pineda, Michael,501381,2021,R,588,51.9,90.8,1986,51.9,90.8,1986,34.4,81.8,1994,13.8,85.4,1739,
Gibson, Kyle,502043,2021,R,704,12.9,93.2,2310,63.8,92,2267,25.4,82.3,2519,10.8,85.1,1746,
Darvish, Yu,506433,2021,R,751,18.1,94.5,2542,61,89.2,2657,34.2,79.7,2769,4.8,89.9,1489,
Bumgarner, Madison,518516,2021,L,714,35.9,90.8,2500,73.4,88.4,2534,23,78.9,2667,3.6,84.3,1706,
Duffy, Danny,518633,2021,L,690,42.3,93.8,2281,53.6,93.7,2266,30.7,81.7,2479,15.7,84.9,2302,
Harvey, Matt,518774,2021,R,679,38.1,93.3,2135,62.3,93,2128,27.4,84.1,2372,10.3,84.8,1651,
Kelly, Merrill,518876,2021,R,734,34.6,91.3,2418,63.8,91.1,2385,19.2,80.6,2610,17,86.2,2065,
Anderson, Tyler,542881,2021,L,627,34.8,90.1,2418,71.6,87.7,2486,0.8,75,2555,27.6,80.4,1923,
Cole, Gerrit,543037,2021,R,801,46.6,97.1,2568,46.6,97.1,2568,38,85.7,2774,15.5,88.9,1766,
DeSclafani, Anthony,543101,2021,R,676,26,93.7,2285,47.5,93.9,2216,43.8,86.2,2115,8.7,87.9,1593,
Eovaldi, Nathan,543135,2021,R,721,43,97.1,2134,56.4,96.1,2173,31.9,81.2,2145,11.7,88.2,1595,
Lyles, Jordan,543475,2021,R,647,47.6,92.7,2343,48.5,92.7,2344,44.2,83.1,2687,7.3,85.8,1807,
Bauer, Trevor,545333,2021,R,822,45.7,93.8,2831,69.3,91,2850,29.7,80.7,3022,1,86.4,2044,
Ryu, Hyun Jin,547943,2021,L,607,28.3,89.4,1930,56.5,87.3,1969,12.9,72.6,2481,30.6,78.7,1480,
Wheeler, Zack,554430,2021,R,824,45,97.2,2389,61.9,97.1,2342,33.1,88.9,2424,5,90,1781,
Urena, Jose,570632,2021,R,643,15.4,94.6,2135,63.9,94.4,2174,26.4,86,2333,9.6,90.5,1683,
Boyd, Matthew,571510,2021,L,599,45.6,91.7,2335,48.2,91.5,2331,27.4,78,2428,24.4,79.7,1893,
Matz, Steven,571927,2021,L,614,,,,45,94.6,2164,28.2,82.2,2251,26.9,85.5,2237,
Richards, Garrett,572070,2021,R,696,54.3,93.9,2577,55,93.9,2577,45,84.4,3033,,,,
Keuchel, Dallas,572971,2021,L,654,2.1,88.6,2159,61.8,87.2,2049,7.2,77.2,2320,31,79.9,1595,
Stroman, Marcus,573186,2021,R,585,2.9,93.5,2492,64.1,92.2,2447,26,85.8,2738,9.9,87.8,1727,
Kikuchi, Yusei,579328,2021,L,656,29.7,95.1,2351,71.2,93,2386,21,82.9,2518,7.8,87,1703,
Foltynewicz, Mike,592314,2021,R,733,37.9,94.3,2176,59.1,94.1,2163,30.6,82.3,2448,10.4,86.3,1779,
Gausman, Kevin,592332,2021,R,677,51.6,94.5,2300,51.6,94.5,2300,8.6,82,2268,39.9,84,1605,
Gray, Jon,592351,2021,R,741,46.8,94,2137,47.4,94,2136,41.8,85,2397,10.8,86.5,1409,
Walker, Taijuan,592836,2021,R,636,31.9,94.3,2172,52.8,94,2143,32.4,82.9,2435,14.8,89.6,1697,
Martinez, Carlos,593372,2021,R,622,25.4,93.4,2074,62.5,92,2099,26.4,82.4,2085,11.1,84.9,1872,
Rodriguez, Eduardo,593958,2021,L,600,27.7,92,2172,62.3,90.6,2159,9.3,81.9,2103,28.3,87.1,2012,
deGrom, Jacob,594798,2021,R,541,63.8,98.9,2400,63.8,98.9,2400,23.5,91.6,2575,12.8,91.1,1617,
Gomber, Austin,596295,2021,L,660,45,91.7,1986,45,91.7,1986,43.9,80.6,2385,11.1,82.8,1630,
Bassitt, Chris,605135,2021,R,729,18.4,93.9,2199,76.7,92.2,2187,14.5,72.9,2359,8.8,85.4,1986,
Bundy, Dylan,605164,2021,R,613,34.7,91.7,2539,45.8,91.8,2516,37.4,78.8,2626,16.8,84.2,1780,
Musgrove, Joe,605397,2021,R,619,15.3,93.4,2573,42.3,91.6,2587,48.8,82.9,2738,8.9,86.9,2105,
Nola, Aaron,605400,2021,R,730,40.3,92.4,2131,51,91.9,2125,27.3,78.2,2492,21.8,84.5,1470,
Woodruff, Brandon,605540,2021,R,725,36.3,96.6,2383,62.5,96.6,2361,25.7,85.4,2632,11.9,86.4,1865,
Glasnow, Tyler,607192,2021,R,771,53.3,97.2,2440,53.3,97.2,2440,43.7,86.5,2880,3,91.8,1738,
Means, John,607644,2021,L,755,51.5,92.6,2402,51.5,92.6,2402,19.5,80.6,2358,29,83,2279,
Irvin, Cole,608344,2021,L,629,38.6,90.8,1962,59.9,90.7,1947,19.9,81.3,1982,20.2,83.8,1588,
Marquez, German,608566,2021,R,682,46.8,94.8,2079,53.8,94.7,2073,44.7,85.5,2506,1.5,85.9,1704,
Eflin, Zach,621107,2021,R,739,9.5,93,2161,54.1,92.4,2075,35,84.6,2181,10.8,85.1,1751,
Buehler, Walker,621111,2021,R,653,51.3,95.2,2633,73,94.5,2656,27,82.7,3006,,,,
McCullers Jr., Lance,621121,2021,R,688,,,,37.2,93.2,2196,45.9,85.3,2779,16.9,86,1819,
Berrios, Jose,621244,2021,R,631,31.4,94.2,2288,54.2,94.1,2243,33.4,83.9,2349,12.4,86.2,1490,
Castillo, Luis,622491,2021,R,682,28.9,96.2,2275,48.7,96.2,2230,16.3,84.6,2376,35,86.9,2010,
Urias, Julio,628711,2021,L,692,50,94.2,2511,50.9,94.2,2511,32.1,81.7,2910,17.1,87.3,1963,
Manaea, Sean,640455,2021,L,694,,,,57.9,91.4,1986,16,80.2,2017,26.1,84.1,1394,
Lopez, Pablo,641154,2021,R,716,29.6,93.8,2127,54.5,93.3,2112,7.5,79.9,2509,38,87.9,1961,
Yarbrough, Ryan,642232,2021,L,646,,,,56.8,83.1,2132,17.5,70.9,2312,25.7,78.8,2104,
Peralta, Freddy,642547,2021,R,666,55.9,93.3,2410,55.9,93.3,2410,37.7,79.8,2291,6.5,87.7,1620,
Alcantara, Sandy,645261,2021,R,742,24.4,97.6,2320,49.7,97.3,2343,23.7,88.7,2409,26.5,91.6,2032,
Civale, Aaron,650644,2021,R,679,26.8,91.3,2309,55.7,89.9,2373,29.7,79.6,2741,14.6,84.9,1610,
Flaherty, Jack,656427,2021,R,801,49.6,93.7,2244,56.2,93.4,2227,41.9,81.8,2401,1.9,84.1,1619,
Montgomery, Jordan,656756,2021,L,571,12.1,92.5,2275,52,91,2291,24.2,79.8,2240,23.8,82.9,1731,
Webb, Logan,657277,2021,R,634,14.5,93,2221,47.9,92.4,2153,21.1,82.1,2763,30.9,85.6,1548,
Ynoa, Huascar,660623,2021,R,607,42.2,96.7,2172,48.1,96.6,2166,46.3,85,2463,5.6,88.1,1767,
Mize, Casey,663554,2021,R,629,30.2,94.6,2262,52.1,94.2,2235,30.5,86.6,2300,17.3,87.2,1270,
Brubaker, JT,664141,2021,R,572,23.4,92.8,2195,49.1,93.1,2240,43.4,85.5,2677,7.5,87.2,1934,
Javier, Cristian,664299,2021,R,637,55.7,93,2330,55.7,93,2330,35.3,79.9,2622,8.9,86.1,1921,
Urquidy, Jose,664353,2021,R,687,53.3,92.1,2194,53.3,92.1,2194,26.9,77.9,2467,19.8,83.6,1846,
Anderson, Ian,666120,2021,R,645,45.4,94.6,2055,46,94.6,2055,20.8,80.3,1912,33.2,87.9,1710,
Plesac, Zach,668676,2021,R,720,39.4,93.2,2043,39.4,93.2,2043,37.9,85.3,2021,22.6,85.8,1624,
Rogers, Trevor,669432,2021,L,675,62.8,94.9,2393,63,94.9,2393,15.1,82.3,2131,21.9,86.6,1488,
Bieber, Shane,669456,2021,R,860,35.6,93,2358,37.8,92.8,2372,58.1,84.5,2581,4.1,87.9,1805,
Colon, Bartolo,112526,2015,R,2613,29,90.9,2255,82.4,88.9,2161,10,82.8,2164,7.6,82.6,1727,
Burnett, A.J.,150359,2015,R,2450,11.9,91.7,2082,61.8,91.6,2009,29.4,82.3,2023,8.8,86.3,1678,
Buehrle, Mark,279824,2015,L,2747,26.4,84.5,2076,70.5,82.9,1996,8.5,71.8,2137,21,78.8,1624,
Sabathia, CC,282332,2015,L,2661,25.1,90.8,2114,63.4,90.2,2075,22.5,79.6,1823,14.1,83.9,1950,
Dickey, R.A.,285079,2015,R,3134,11.2,82.3,1810,11.2,82.3,1810,88.8,76.8,1359,,,,
Lackey, John,407793,2015,R,2938,35.7,92.2,2199,87.5,90.2,2139,9.7,78.7,2077,2.8,84.3,1956,
Lewis, Colby,407890,2015,R,3112,45.7,88.6,2286,50.2,88.5,2272,43.1,82,2078,6.8,83.8,1961,
Harang, Aaron,421685,2015,R,2786,35.1,89.6,2349,67.8,89.8,2301,22,80.1,2005,10.2,84.1,1640,
Greinke, Zack,425844,2015,R,3168,43.6,92.4,2406,53.5,92.3,2367,28.1,83.2,2371,18.4,88.7,1741,
Haren, Dan,429717,2015,R,2856,29.9,86.6,2161,82.2,85.2,2162,14.4,76.8,2212,3.4,81.7,1383,
Simon, Alfredo,430580,2015,R,2907,17,93.6,2252,56,92.7,2120,9.1,77.4,2169,34.8,85.2,1566,
Hamels, Cole,430935,2015,L,3266,30.9,92.9,2100,64.1,92.3,2082,12.2,78.8,2235,23.7,84.9,1721,
Kazmir, Scott,431148,2015,L,2924,2.5,92.5,2224,70.5,91.1,2189,11.5,79.7,1869,18,76.4,1388,
Danks, John,433579,2015,L,2867,34.4,90,2358,58.2,89.2,2345,12.6,76.3,1783,29.1,81.5,1786,
Hernandez, Felix,433587,2015,R,2966,12.8,92.6,1945,46.7,92.3,1923,28.1,81.7,2356,25.3,88.5,1779,
Liriano, Francisco,434538,2015,L,2936,3.1,92.7,2031,46.9,93,2027,32.7,85.5,2055,20.3,85,1784,
Jimenez, Ubaldo,434622,2015,R,3030,24.3,91.3,2130,63.7,91,2060,19.5,81.9,2282,16.8,84.7,1440,
Hammel, Jason,434628,2015,R,2702,39.4,92.8,2147,53.6,92.8,2147,41.9,83.8,2072,4.5,85.6,1715,
Kluber, Corey,446372,2015,R,3226,21.5,93.2,2381,53,93.4,2253,42.2,86.9,2438,4.8,85.6,1743,
Shields, James,448306,2015,R,3249,24.7,91.7,2278,59.4,90,2258,19.2,78.7,2442,21.4,84.9,1737,
Volquez, Edinson,450172,2015,R,3265,14.1,94.4,2333,51.2,94.3,2308,23.7,81,2631,25.1,85.2,1280,
Gallardo, Yovani,451596,2015,R,3177,27.5,91.2,2096,50.5,91.1,2085,43.6,85.5,2225,5.9,85.7,1889,
Lester, Jon,452657,2015,L,3135,44.9,92.6,2222,79.8,91.2,2213,15.4,75.5,2360,4.8,85.1,1653,
Kennedy, Ian,453178,2015,R,2828,59.4,91.9,2358,62.1,91.9,2359,23.2,80.4,2264,14.7,83.9,1880,
Scherzer, Max,453286,2015,R,3308,59.2,94.8,2498,60.8,94.7,2493,26.1,84.6,2209,13.1,85.4,1474,
Arrieta, Jake,453562,2015,R,3404,18,95.1,2292,51.1,95.3,2273,44.2,87.5,2411,4.6,89.5,1944,
Price, David,456034,2015,L,3359,35,94.6,2257,69.3,93.7,2216,8.1,80.2,2045,22.6,85.8,1975,
Cueto, Johnny,456501,2015,R,3074,28.5,93.3,2284,72.9,91.8,2264,10.6,83.4,2100,16.5,84,1559,
Happ, J.A.,457918,2015,L,2787,57.3,92.6,2372,67.1,92.4,2339,23.9,82.3,2166,9,85.6,1829,
Lynn, Lance,458681,2015,R,2908,56.9,92.8,2418,84.9,92.4,2349,12.6,83.7,2201,2.5,84.9,1903,
Pelfrey, Mike,460059,2015,R,2637,11.6,93.6,1936,73.3,93.9,1909,12.6,81.4,1852,14.1,81.4,781,
Gonzalez, Gio,461829,2015,L,2876,33.1,92.8,2241,65.5,92.6,2204,18.4,78.7,2814,16.1,84.5,1672,
Estrada, Marco,462136,2015,R,2862,53.6,89.8,2348,61.1,89.7,2352,10.9,77.8,2580,28,79.1,2091,
Carrasco, Carlos,471911,2015,R,2716,34.1,95.3,2268,55.7,95.2,2231,23.2,86.8,2284,21.1,89,1734,
Anderson, Brett,474463,2015,L,2663,23.8,91.5,1850,52.7,91.2,1806,37.8,80.6,2288,9.5,83.9,1544,
Ross, Tyson,475115,2015,R,3150,19.3,93.6,2537,53.2,93.5,2469,45.1,87.2,2427,1.7,89.4,2233,
Niese, Jonathon,477003,2015,L,2653,25.9,89.6,2050,69.4,89.1,2017,17.6,75.7,2163,13,83.3,1347,
Kershaw, Clayton,477132,2015,L,3315,50.8,94.3,2215,54,94.2,2216,45.8,82.8,2183,0.2,88.3,2001,
Cashner, Andrew,488768,2015,R,3047,40.3,95.5,2211,68,95.4,2176,22.6,85.6,2033,9.4,86.3,1638,
Miley, Wade,489119,2015,L,3150,34.3,91.5,2220,57.1,91.4,2175,23.4,82.4,2178,19.4,83.6,1956,
Quintana, Jose,500779,2015,L,3234,50.9,92,2084,59.2,92,2076,31.3,80.4,2042,9.6,86.4,1344,
Tillman, Chris,501957,2015,R,2907,61.9,92.1,2258,65,92,2260,21.4,79.3,2113,13.6,83.3,1591,
Archer, Chris,502042,2015,R,3421,53.8,95.8,2187,53.8,95.8,2187,39.5,88.4,1935,6.8,86.4,1914,
Gibson, Kyle,502043,2015,R,3201,20,92.6,2216,58.2,92.3,2147,22.7,84.8,2152,19.1,84.3,1695,
Locke, Jeff,502046,2015,L,2741,3.1,92,2105,61.4,91.9,2000,15.9,80,1750,22.7,81.7,1373,
Samardzija, Jeff,502188,2015,R,3227,41.1,94.5,2483,63.7,94.1,2461,26.4,85.8,2147,9.9,85.8,1326,
Leake, Mike,502190,2015,R,2580,5.3,90.9,2169,70.4,91.2,2108,22.7,80.9,2468,6.9,86.1,1683,
Santiago, Hector,502327,2015,L,3108,,,,72.2,90.2,2195,11.2,77.7,1900,16.6,83.5,1945,
Salazar, Danny,517593,2015,R,3027,51.9,95.6,2346,68.4,95.5,2335,12.9,84,2008,18.8,86.1,1274,
Bumgarner, Madison,518516,2015,L,3122,40.6,92.6,2315,49.2,92.7,2311,48.7,83.4,2227,2.1,85.5,1626,
Harvey, Matt,518774,2015,R,2617,39.8,96.5,2335,61.3,96.6,2332,26.6,87.5,2239,12.1,89,1948,
Heston, Chris,518790,2015,R,2725,2.3,90.1,2109,60.8,89.5,2064,27.3,75.8,2199,11.9,82.7,1932,
Nelson, Jimmy,519076,2015,R,2671,23.6,94,2275,60.5,94.1,2175,38.4,85.4,1990,1.2,85.9,2107,
Porcello, Rick,519144,2015,R,2712,31.4,92.1,2497,65.2,91.6,2437,24,80.4,2593,10.7,82.9,1688,
Sale, Chris,519242,2015,L,3236,0.2,95.7,2341,52.4,95.2,2280,19.6,79.4,2204,28,86.3,2100,
Zimmermann, Jordan,519455,2015,R,2975,61.2,93.6,2328,62.1,93.7,2328,37.5,85.3,2272,0.4,88.7,2164,
De La Rosa, Rubby,523989,2015,R,2978,44.6,95.1,2302,60.5,94.8,2263,18.3,85.5,1905,21.2,87,2060,
Teheran, Julio,527054,2015,R,3218,42.3,92.1,2266,61.3,91.8,2197,30.6,79,1941,8.1,83.3,1507,
Ramirez, Erasmo,541640,2015,R,2359,39.3,91.5,2221,55.2,91.5,2219,21.5,83.2,2198,23.3,81.3,1677,
Cole, Gerrit,543037,2015,R,3207,50.6,96.3,2155,67,96.3,2154,29.4,86.2,2160,3.6,88.8,1708,
DeSclafani, Anthony,543101,2015,R,2832,33.7,93.4,2176,61.9,93.1,2070,30.9,85.8,2037,7.3,86.3,1630,
Gray, Sonny,543243,2015,R,3064,37,93.7,2361,62.7,93.5,2336,30.1,84.4,2426,7.1,88.1,1794,
Hendricks, Kyle,543294,2015,R,2746,2.7,90.9,2320,72.5,88.8,2095,7.3,78.3,2472,20.2,80.7,2119,
Koehler, Tom,543408,2015,R,2905,42.1,92.6,2095,57.8,92.7,2091,37.2,82,2292,5,85,1691,
McHugh, Collin,543521,2015,R,3209,30.6,91,2141,72.3,89,2259,23.5,73.3,2545,4.2,82.8,1620,
Odorizzi, Jake,543606,2015,R,2725,36,91.9,2180,63.1,90.9,2152,6.9,77.6,2051,30,85.6,1457,
Bauer, Trevor,545333,2015,R,2798,41.1,93.5,2225,66.5,92.1,2218,21,80.7,2349,12.5,85.8,1647,
Ventura, Yordano,570649,2015,R,2517,29.2,97.3,2200,61.2,96.8,2155,24.2,84.6,2550,14.6,87.9,1425,
Fiers, Mike,571666,2015,R,2962,58.2,90,2185,68.1,89.2,2184,16.1,72.9,2537,15.8,83.6,1792,
Miller, Shelby,571946,2015,R,3120,33,94.8,2301,88.1,93,2216,9.6,78.6,2178,2.3,87,1789,
Richards, Garrett,572070,2015,R,3220,29,96.4,2507,60.8,96.2,2486,39.2,86.7,2782,0,93.2,2416,
Keuchel, Dallas,572971,2015,L,3447,11.4,89.5,2146,66.9,89.6,2060,19.4,79.8,2022,13.7,79.6,1617,
Walker, Taijuan,592836,2015,R,2607,62.9,94.8,2125,74.3,94.3,2130,7.8,74.7,1920,17.9,89.4,1486,
Martinez, Carlos,593372,2015,R,2784,31.5,96.4,2093,56.8,96,2038,25.8,85.7,1897,17.3,87.4,1990,
deGrom, Jacob,594798,2015,R,2929,46.5,95.7,2261,62.5,95.6,2231,25.4,87.2,2268,12.1,86,1739,
Wacha, Michael,608379,2015,R,2795,58.1,94.8,2103,70.8,93.9,2091,12.8,76.4,2046,16.4,87.1,1518,
Chen, Wei-Yin,612672,2015,L,2962,43.6,92.3,2109,64.3,92,2075,25.4,80.6,2110,10.3,83.4,1488,
Wood, Alex,622072,2015,L,2866,,,,58.9,89.7,1915,22.1,80.8,1768,18.9,83.6,1815,
Wainwright, Adam,425794,2019,R,2784,13.6,89.6,2191,61.1,88,2238,36.8,74.9,2752,2,83.9,1769,
Greinke, Zack,425844,2019,R,3085,41.2,89.9,2326,46.7,89.9,2318,31,77.4,2481,22.3,87.3,1779,
Verlander, Justin,434378,2019,R,3242,49.9,94.6,2577,49.9,94.6,2577,45.9,84.5,2690,4.2,86.9,1866,
Sanchez, Anibal,434671,2019,R,2689,30.1,90.2,2238,63.3,89.3,2251,8.7,78.9,2180,28,82.1,1670,
Morton, Charlie,450203,2019,R,3138,29.8,94.7,2259,59.4,92.8,2237,37.3,78.6,2886,3.3,84.9,2124,
Lester, Jon,452657,2019,L,3041,28.3,90.6,2251,72.7,89.1,2302,15.4,74.5,2606,11.9,84.3,1939,
Scherzer, Max,453286,2019,R,2769,48.4,94.9,2474,56.2,94.2,2470,29.4,83.5,2472,14.5,84.3,1551,
Bailey, Homer,456701,2019,R,2656,48,93,2095,50.5,93,2091,23.5,83.9,1872,26,84.2,1122,
Lynn, Lance,458681,2019,R,3435,54.1,94.6,2482,87.5,93.2,2467,9.5,81.2,2352,3,86.9,1811,
Nova, Ivan,467100,2019,R,2946,17.9,92.5,2246,67.4,91.3,2181,16.8,79.9,2257,15.8,86.2,2000,
Anderson, Brett,474463,2019,L,2659,18.6,89.4,2028,62.4,90.3,1867,24.1,80.5,2386,13.4,82.6,1481,
Kershaw, Clayton,477132,2019,L,2575,43.9,90.3,2477,43.9,90.3,2477,55.5,82.9,2606,0.6,85.2,2210,
Miley, Wade,489119,2019,L,2863,15.8,90.8,2210,69.1,88.3,2229,10.3,76.1,2425,20.7,81.2,1869,
Quintana, Jose,500779,2019,L,2734,36.4,91.4,2016,61.8,91.4,2000,27.2,77,2215,11,86.5,1287,
Minor, Mike,501985,2019,L,3357,44.6,92.5,2650,44.6,92.5,2650,30.8,84.3,2660,24.6,86.2,2287,
Samardzija, Jeff,502188,2019,R,3001,27.7,91.6,2571,71.8,90.8,2559,20.5,83.6,2455,7.7,82.3,1451,
Leake, Mike,502190,2019,R,2968,14.4,88.6,2086,58.8,87.6,2131,20.5,79.9,2533,20.7,84,1719,
Darvish, Yu,506433,2019,R,2846,26.8,94.1,2529,75.1,90.5,2533,20.7,80.7,2690,4.2,88.1,1426,
Bumgarner, Madison,518516,2019,L,3239,42.9,91.4,2405,76.3,89.6,2441,18.3,78.8,2645,5.4,84.2,1641,
Kelly, Merrill,518876,2019,R,2962,37.3,92,2411,65.2,91.3,2403,21.3,80.6,2683,13.4,86,2109,
Porcello, Rick,519144,2019,R,2927,31.4,91,2434,57,90.4,2370,31.1,80.5,2660,11.9,80.8,1600,
Perez, Martin,527048,2019,L,2771,17.5,94.2,2131,73.1,91.7,2178,4.7,79.2,2637,22.2,85.3,1795,
Teheran, Julio,527054,2019,R,3034,41.7,89.7,2400,64.4,89.6,2352,27.4,80.4,2643,8.2,83.6,1704,
Cole, Gerrit,543037,2019,R,3360,51.6,97.1,2530,54,97.1,2529,38.6,86.6,2736,7.4,88.6,1870,
DeSclafani, Anthony,543101,2019,R,2587,37.2,94.7,2249,55.3,94.7,2196,39.4,87.1,2217,5.4,88.5,1535,
Gray, Sonny,543243,2019,R,2807,28.6,93.3,2527,48.7,93.2,2493,46.5,83.1,2934,4.7,89.7,2047,
Hendricks, Kyle,543294,2019,R,2690,20.5,87.2,2044,62.2,86.9,1987,9.8,71.4,2784,28.1,78.6,2115,
Roark, Tanner,543699,2019,R,2884,25.5,92.1,2145,55.5,92,2113,34.6,82.4,2436,9.8,84.1,1701,
Strasburg, Stephen,544931,2019,R,3383,28.6,93.9,2167,48.3,93.8,2152,31,81.3,2767,20.7,87.7,1679,
Bauer, Trevor,545333,2019,R,3686,39.7,94.5,2410,58.7,91.8,2457,33.6,79.3,2626,7.7,86,1707,
Tanaka, Masahiro,547888,2019,R,2750,27.3,91.5,2143,33.7,91.1,2108,39.6,82.7,2390,26.7,86.8,1589,
Ryu, Hyun Jin,547943,2019,L,2705,27.3,90.7,2084,60,89.4,2064,12.5,72.8,2568,27.5,80,1487,
Wheeler, Zack,554430,2019,R,3158,30,96.8,2341,59,96.7,2299,29.8,87.6,2473,11.2,88.9,1736,
Boyd, Matthew,571510,2019,L,3024,49.9,92.1,2383,53.9,92,2381,40.1,78.9,2363,6,79.1,1956,
Corbin, Patrick,571578,2019,L,3299,19.4,91.8,2283,53.7,91.8,2227,40.6,80.5,2363,5.7,81.8,1646,
Fiers, Mike,571666,2019,R,2753,32.4,90.4,2327,52.2,90.3,2301,35.3,80,2635,12.5,84.1,1938,
Mikolas, Miles,571945,2019,R,2804,27.4,93.7,2303,51.2,93.6,2268,45,82.9,2451,3.9,87.8,1705,
Stroman, Marcus,573186,2019,R,3046,2.4,92.9,2455,62.8,91.9,2452,31.8,85.4,2833,5.3,87,1929,
Ray, Robbie,592662,2019,L,3058,42.7,92.4,2257,52.7,92.4,2243,47.3,83.3,2110,,,,
Syndergaard, Noah,592789,2019,R,3094,29.3,97.8,2197,59,97.6,2151,24.7,85.7,2219,16.3,91.1,1689,
Rodriguez, Eduardo,593958,2019,L,3279,38.9,93,2198,70.7,91.9,2192,5.4,83.2,2253,23.9,87.6,2049,
deGrom, Jacob,594798,2019,R,3075,48.1,96.9,2389,49.2,96.9,2387,35.3,91.8,2461,15.6,90.2,1698,
Gonzales, Marco,594835,2019,L,3162,0.9,88.1,2208,60.1,87.6,2250,15.9,76.3,2346,24.1,81.2,2171,
Junis, Jakob,596001,2019,R,2924,33.7,91.7,2079,50.9,91.5,2026,43.7,81.4,2490,5.4,84.6,1336,
Musgrove, Joe,605397,2019,R,2654,37.6,92.7,2419,57.9,91.9,2404,31.6,82.9,2519,10.6,85.3,2001,
Nola, Aaron,605400,2019,R,3331,35.4,93.1,2171,46.2,92.8,2162,35.2,79.1,2574,18.6,85.8,1570,
Fried, Max,608331,2019,L,2669,53.1,93.8,2077,57,93.8,2072,40.7,78.1,2737,2.4,84.8,1514,
Giolito, Lucas,608337,2019,R,2814,55,94.2,2333,55,94.2,2333,18.8,83.4,2140,26.2,81.7,1563,
Marquez, German,608566,2019,R,2616,35.4,95.7,2225,52.4,95.4,2207,44.6,86.1,2540,3,87.8,1969,
Eflin, Zach,621107,2019,R,2492,34.2,93.8,2185,55.8,93.5,2150,36.3,85.8,2271,7.9,86.7,1785,
Buehler, Walker,621111,2019,R,2831,53.2,96.5,2456,73.3,95.9,2491,26.2,84,2891,0.5,91.6,1516,
Berrios, Jose,621244,2019,R,3132,32.2,93.1,2190,55.3,92.7,2156,28.9,81.2,2334,15.9,82.5,1705,
Castillo, Luis,622491,2019,R,3069,29.7,96.4,2170,50.6,96.4,2130,16.9,85.9,2330,32.5,87.2,1972,
Lopez, Reynaldo,625643,2019,R,3161,58.5,95.4,2137,58.5,95.4,2137,26.6,82.5,2109,14.8,84,1610,
Hudson, Dakota,641712,2019,R,2845,13,93.9,2168,61.7,93.6,2141,35.6,85.9,2364,2.6,88.1,1459,
Keller, Brad,641745,2019,R,2711,41.8,93.7,2295,67.2,93.3,2221,31.4,84.9,2510,1.4,87.8,1698,
Alcantara, Sandy,645261,2019,R,3090,30.2,95.6,2356,57.8,95.5,2374,30.1,84.8,2479,12.1,89.1,1923,
Soroka, Mike,647336,2019,R,2555,18.7,92.9,2362,63.4,92.4,2231,24.3,83.2,2776,12.4,81.2,2178,
Flaherty, Jack,656427,2019,R,3078,46.7,94.3,2225,58.5,93.8,2183,39.4,82.8,2426,2,86.2,1704,
Lucchesi, Joey,664192,2019,L,2641,,,,64.9,90.2,2219,35.1,78.9,2091,,,,
Bieber, Shane,669456,2019,R,3223,45.7,93.1,2254,45.8,93.1,2254,47,84,2341,7.3,87.6,1725,